<?xml version="1.0" encoding="UTF-8"?>
<project-private xmlns="http://www.netbeans.org/ns/project-private/1">
    <editor-bookmarks xmlns="http://www.netbeans.org/ns/editor-bookmarks/2" lastBookmarkId="0"/>
    <open-files xmlns="http://www.netbeans.org/ns/projectui-open-files/2">
        <group>
            <file>file:/C:/Users/LENOVO/Documents/GitHub/trabajoArboles/AndresGranda_SmithAgudelo_JuanPalacio/src/arbolesbinarios/NodoBinario.java</file>
            <file>file:/C:/Users/LENOVO/Documents/GitHub/trabajoArboles/AndresGranda_SmithAgudelo_JuanPalacio/src/arbolesbinarios/Proceso.java</file>
            <file>file:/C:/Users/LENOVO/Documents/GitHub/trabajoArboles/AndresGranda_SmithAgudelo_JuanPalacio/src/arbolesbinarios/ABB.java</file>
            <file>file:/C:/Users/LENOVO/Documents/GitHub/trabajoArboles/AndresGranda_SmithAgudelo_JuanPalacio/src/arbolesbinarios/Inicial.java</file>
        </group>
    </open-files>
</project-private>
